[
  {
    "id": "hcm",
    "name": "TP. Ho Chi Minh",
    "region": "south"
  },
  {
    "id": "hn",
    "name": "Ha Noi",
    "region": "north"
  },
  {
    "id": "dn",
    "name": "Da Nang",
    "region": "central"
  },
  {
    "id": "hp",
    "name": "Hai Phong",
    "region": "north"
  },
  {
    "id": "ct",
    "name": "Can Tho",
    "region": "south"
  },
  {
    "id": "bd",
    "name": "Binh Duong",
    "region": "south"
  },
  {
    "id": "dn2",
    "name": "Dong Nai",
    "region": "south"
  },
  {
    "id": "la",
    "name": "Long An",
    "region": "south"
  }
]